,Municipio,Temperatura_media,Latitude,Longitude
0,guarda mor,23.35666901905434,-17.56138888,-47.19916666
1,corumba,26.282202527967456,-18.99666666,-57.63749999
2,vila velha,23.50462830876526,-20.46694443,-40.40388888
3,tupa,23.50629761904762,-21.927251,-50.490251
4,rio brilhante,23.428128292169028,-21.774944,-54.528108
5,picos,32.09958158995816,-7.0711111,-41.40416666
6,marilia,22.36222602739726,-22.235222,-49.965111
7,passos,21.37078444904532,-20.745237,-46.633916
8,primavera do leste,23.824296296296296,-15.57999999,-54.3811111
9,parque estadual chandless,24.766923166608372,-9.35833333,-69.92638888
10,sete lagoas,21.954102054340623,-19.45527777,-44.17333332
12,laguna carapa,25.037914979757087,-22.575389,-55.160333
13,natal,28.133138686131385,-5.83722221,-35.20805555
15,itapora,23.536476683937824,-22.092833,-54.798833
16,sao miguel do oeste,19.408411333164683,-26.7861111,-53.51388888
17,rancho queimado,15.540288263555253,-27.6786111,-49.04194444
18,recife,25.736551450139057,-8.05916666,-34.95916666
19,sao carlos,21.156081390032007,-21.980353,-47.883927
21,costa rica,23.246186343914136,-18.49277777,-53.17138888
24,lagoa vermelha,16.96355345185869,-28.222381,-51.512845
25,sao felix do xingu,26.17786547700755,-6.639622,-51.956966
26,vitoria,23.790961187809327,-20.27083332,-40.30583333
27,senhor do bonfim,23.887721893491126,-10.44305555,-40.14833333
29,vilhena,24.43662052396751,-12.73499999,-60.15777777
30,passa quatro,18.818664383561643,-22.395799,-44.961909
31,salinopolis,27.898709677419355,-0.61888888,-47.35666666
32,itumbiara,26.344614443084456,-18.40972222,-49.19194444
33,colombo,16.790388125076046,-25.322464,-49.157733
36,rondon do para,25.120607734806633,-4.82749999,-48.1736111
38,arco verde,27.120211515863687,-8.4336111,-37.05555555
39,laguna farol de santa marta,23.289681742043552,-28.60444444,-48.81333333
40,uberlandia,23.536377280073886,-18.91694443,-48.25555555
41,fortaleza,27.610147939845945,-3.81583333,-38.53777777
42,sao miguel arcanjo,18.96575837163493,-23.85194444,-48.16472222
43,belo horizonte cercadinho,19.621580229725026,-19.97999999,-43.95861111
44,jaguarao,18.778702917020677,-32.53472221,-53.37583332
45,presidente figueiredo,25.76750333778371,-2.05666666,-60.02583332
46,santa maria,18.782828985507244,-29.72499999,-53.72055554
47,florestal,20.998891742127313,-19.885398,-44.416883
48,belo horizonte pampulha ,21.6663698630137,-19.88388888,-43.96944443
49,brejo grande,27.751931330472104,-10.47388888,-36.48194443
50,tucurui,26.51471982157792,-3.82277777,-49.67499999
51,jaguaruana,28.180118965911692,-4.78694444,-37.76666666
53,cristalina,21.132762557077626,-16.78499999,-47.61305555
54,novo horizonte,19.965417759460472,-26.40638888,-52.85027777
55,caico,31.836685047032113,-6.46749999,-37.08499999
56,valenca,24.448531266894935,-13.3436111,-39.12666666
57,autazes,26.586878453038672,-3.58333333,-59.12944443
59,sao mateus,23.67568493150685,-18.676198,-39.864051
60,parintins,27.077981651376145,-2.63916666,-56.75611111
61,goianesia,25.292159270303458,-15.22027777,-48.98999999
62,arapiraca,28.18487194758785,-9.80444444,-36.61916666
63,tres marias,21.960034305317325,-18.200855,-45.459836
64,itabaiana,23.3,-10.67166666,-37.47138888
65,ouro branco,19.502966441415644,-20.55666666,-43.75611111
66,surubim,27.41503410641201,-7.83972221,-35.80111111
67,amargosa,22.31052992233897,-13.009468,-39.616881
68,linhares,23.985159817351597,-19.35694444,-40.0686111
69,pilao arcado,29.097528830313017,-10.01833332,-42.50027777
70,ibiruba,18.74308176100629,-28.65333333,-53.11194444
71,apiacas,27.407647907647906,-9.56333333,-57.3936111
73,morada nova,28.336713206683452,-5.13666666,-38.35666666
74,alto paraiso de goias,20.281197659745327,-14.13305554,-47.52333332
75,marechal thaumaturgo,25.73333333333333,-8.95,-72.78666666
76,montalvania,24.692727736667518,-14.40833333,-44.40416666
77,ararangua,19.526851851851852,-28.931353,-49.49792
78,santana do livramento,18.806944919603147,-30.75055555,-55.40138888
80,curitibanos,16.153651076844653,-27.288624,-50.604283
81,itaquirai,24.15023165446122,-23.449501,-54.181858
82,capelinha,21.14672868217054,-17.70555555,-42.38916666
84,rio de janeiro marambaia,22.83100606615543,-23.05027777,-43.59555555
85,goias,25.513341000575043,-15.93972221,-50.14138888
86,maracaju,24.959154929577462,-21.60916666,-55.17749999
87,parauna,24.421073059360733,-16.962536,-50.42545
88,sao goncalo,27.675910492065302,-6.835777,-38.311583
89,votuporanga,24.27046246804555,-20.40333333,-49.96611111
90,santa vitoria do palmar barra do chui,17.070214125918824,-33.74222221,-53.37222221
91,januaria,25.936444513813015,-15.448089,-44.366313
92,dourados,20.458490566037735,-22.19388888,-54.91138888
93,queimadas,27.31623819517314,-10.98472221,-39.61694443
94,formiga,21.346451834076106,-20.455,-45.45388888
95,sao simao,22.911830072925106,-21.46111111,-47.57944443
97,montes claros,23.436519355943815,-16.68638888,-43.84388888
98,pedro gomes,23.6008,-18.07277777,-54.54888888
99,sete quedas,25.81540041067762,-23.96694443,-55.02416666
100,baixa grande do ribeiro,25.574470560856412,-8.333531,-45.094625
101,serra dos carajas,22.753687315634217,-6.07749999,-50.14222221
102,chapeco,19.544020881388857,-27.0853111,-52.6357111
104,xinguara,25.90819128246196,-7.110518,-49.926072
105,serra talhada,25.636631944444446,-7.954277,-38.295082
106,feira de santana,25.840910558605103,-12.1961111,-38.96749999
107,palmeira das missoes,18.599052511415525,-27.92027777,-53.31805554
108,ibirite rola moca ,19.811080586080585,-20.031457,-44.011249
109,pedro afonso,27.324211190576357,-8.968677,-48.177259
110,marilandia,25.462717644947045,-19.407181,-40.539825
111,taubate,23.84992657856094,-23.04166666,-45.52083332
112,patrocinio,20.356728133565912,-18.996684,-46.985935
114,manaus,27.20732763807003,-3.10333333,-60.01638888
115,catalao,23.25011415525114,-18.154779,-47.927614
116,conceicao do araguaia,25.590406790518898,-8.30361111,-49.28277777
117,sao felix do araguaia,26.258988764044947,-11.61888888,-50.72777777
119,campos dos goytacazes sao tome,24.254683065279092,-22.04166666,-41.05166666
120,cacapava do sul,18.26137075895899,-30.54527777,-53.46694443
121,maraba,25.691921397379915,-5.36638888,-49.05111111
122,rio verde,23.024406779661014,-17.78527777,-50.965
123,porto alegre,19.780357554786622,-30.05361111,-51.17472221
124,vacaria,15.348698647614189,-28.513602,-50.882738
125,dom eliseu,25.599505469803688,-4.28055554,-47.56388888
128,camaratuba,26.707632600258734,-6.56194444,-35.13527777
129,bertioga,24.830474137931034,-23.84472221,-46.14333333
131,itaberaba,25.454497716894977,-12.52416666,-40.29972221
132,santa maria das barreiras,26.65222641509434,-8.72972221,-49.85638888
133,saquarema sampaio correia,22.87853647168492,-22.8711111,-42.60888888
134,canela,15.530842230130487,-29.36888888,-50.82722221
135,pium,26.71359170305677,-10.47694443,-49.62944443
137,araguaina,27.01,-7.10388888,-48.20111111
138,juiz de fora,18.865601096015524,-21.769965,-43.364329
140,conceicao das alagoas,23.30306566003203,-19.98586,-48.151574
141,diamantina,18.403309572301424,-18.231052,-43.648269
142,niteroi,24.517207112970713,-22.867389,-43.102056
143,itapetinga,25.90448746150462,-15.24472221,-40.22944443
144,goiania,23.63897971014493,-16.642841,-49.220222
146,ituiutaba,24.906450839328535,-18.95277777,-49.52499999
148,piata,19.264316913370543,-13.155681,-41.774125
149,vitoria da conquista,21.647343425348765,-14.88638888,-40.80138888
150,dores do indaia,22.284247648902824,-19.481935,-45.593932
151,s g da cachoeira,28.8904953145917,-0.125207,-67.061246
152,florianopolis,20.79668685022278,-27.60253,-48.620096
155,serafina correa,16.78883307018803,-28.70472222,-51.87083332
156,santo augusto,19.506011307257413,-27.854345,-53.791179
157,mocambinho,24.554921214889244,-15.085958,-44.016036
158,guaramiranga,21.50450281425891,-4.26138888,-38.9311111
160,sao vicente do sul,18.896472200022835,-29.70222222,-54.69444444
161,cidade gaucha,24.892729152308753,-23.359156,-52.931912
162,angra dos reis,23.338799283154124,-22.97555554,-44.30333333
163,sao paulo interlagos,18.98729016786571,-23.724501,-46.677501
164,caruaru,21.707035175879398,-8.36527777,-36.02833332
166,novo repartimento,27.882925538949873,-4.24388888,-49.93944444
167,rio grande,18.137346765384148,-32.07888888,-52.16777777
168,grajau,26.24931972789116,-5.81611111,-46.16222222
169,araguatins,26.117086834733893,-5.6436111,-48.11194444
170,dianopolis,24.67998267969813,-11.59444444,-46.84722221
171,bento goncalves,17.394449520328916,-29.164581,-51.534202
172,mineiros,22.40853395317948,-17.45472222,-52.60111111
173,janauba,25.534882583170255,-15.80277777,-43.29694444
174,uberaba,23.24459758158887,-19.71,-47.96194444
175,braganca,27.417389006342493,-1.04722221,-46.78583333
176,braganca paulista,19.869480260534363,-22.951944,-46.530556
178,almenara,25.249315856042312,-16.166773,-40.687756
179,manhuacu,19.600012439358128,-20.26333333,-42.18277777
180,rio de janeiro vila militar,23.486459641511587,-22.86138888,-43.41138888
181,jatai,22.836366754315765,-17.923622,-51.717467
182,paranoa coopa df ,21.618270017533604,-16.012222,-47.557417
183,bambui,21.04282819510783,-20.0311111,-46.00888888
184,valenca,21.313343276732446,-22.35805555,-43.69555555
185,sao raimundo nonato,29.989562841530056,-9.03333333,-42.70111111
186,obidos,24.70394910048267,-1.88083332,-55.51972221
187,ipanguacu,31.494501072961373,-5.53499999,-36.87222221
188,dom pedrito,20.750470640968178,-31.0025,-54.61805554
189,tres rios,22.006712852365027,-22.09833333,-43.20833333
190,palmeira dos indios,25.152614678899084,-9.42027777,-36.62027777
191,sao sebastiao,30.006666666666668,-23.81083333,-45.4025
192,euclides da cunha,24.347607718741738,-10.537233,-38.996605
193,planalto,22.919565217391302,-25.72194443,-53.74805555
194,garanhuns,21.00536997126437,-8.91083333,-36.49333333
196,formosa do rio preto,26.248509874326754,-11.05222222,-45.20083333
197,s j do rio claro,25.128585807750376,-13.45388888,-56.67722221
198,rio pardo,19.229965753424658,-29.87222221,-52.38194443
199,santa rita do pardo,23.650000000000002,-21.305889,-52.820375
200,camapua,27.56207104154124,-19.58749999,-54.02999999
201,ponta pora,22.13789216825471,-22.5525,-55.71638888
202,unai,23.483012034116136,-16.55416666,-46.88194443
203,tiangua,22.82987512007685,-3.73222221,-41.01194444
204,aracaju,26.86026990219141,-10.9525,-37.05444444
205,soledade,17.3309071351739,-28.859211,-52.542387
206,cruz das almas,27.017430703624733,-12.67555554,-39.08944444
207,maceio,25.481331354190456,-9.55111111,-35.77027777
208,belem,26.820137034026246,-1.411228,-48.439512
209,aquidauana,24.533758865248227,-20.47555554,-55.78388888
210,caratinga,23.341084474885843,-19.735757,-42.137146
212,aracuai,24.32239758616688,-16.84888888,-42.03527777
213,seropedica ecologia agricola,23.32067587624158,-22.75777777,-43.68472221
214,palmas,27.320729824561404,-10.19083333,-48.30194444
216,rio urubu,25.298046111762407,-2.6336111,-59.60055555
217,bela vista,23.251509382648898,-22.10166666,-56.54083333
218,agua boa,26.921974522292995,-14.01638888,-52.21166666
219,campos novos,16.79557595011178,-27.3886111,-51.21583333
223,almas,27.364485766758495,-11.28416666,-47.21222222
224,uaua,24.2,-9.8336111,-39.49555555
225,marau,26.18822660098522,-13.90694444,-38.97222221
226,ibitinga,21.499484801648634,-21.85555555,-48.79972221
228,itaobim,25.50051623264885,-16.575667,-41.485588
229,barra bonita,25.96854787571338,-22.4711111,-48.5575
230,carmo,21.91947933318109,-21.938745,-42.600936
231,monte verde,15.013576007326009,-22.86166666,-46.04333333
232,bom jesus do piaui,26.73376888525929,-9.08333333,-44.32638888
233,lencois,26.223608562691133,-12.557854,-41.388808
234,caarapo,24.660276224926008,-22.657056,-54.819306
235,resende,21.40386462382804,-22.45138888,-44.44499999
236,ivai,18.98129864095714,-25.01083333,-50.85388888
237,patos de minas,21.461440559440558,-18.52055554,-46.44055555
238,imperatriz,26.877118353344766,-5.555723,-47.459794
239,caiaponia,25.838665063138908,-16.96694443,-51.81749999
240,teofilo otoni,23.988442498095964,-17.89284,-41.515423
241,presidente prudente,23.91234242493697,-22.119867,-51.408637
242,canto do buriti,27.185980560320182,-8.117939,-42.975721
244,floriano,28.991793960923623,-6.76138888,-43.00333333
245,japira,22.53114956736712,-23.77333332,-50.18055554
246,aguas emendadas,21.094037179936862,-15.596491,-47.625801
247,oliveira,20.185148401826485,-20.715,-44.86444444
248,muriae,22.679333181091575,-21.105,-42.37583332
249,itapeva,19.81116883116883,-23.98194443,-48.88583333
250,franca,21.86664751838235,-20.58444444,-47.38249999
251,nova fatima,23.25,-23.41527777,-50.57777777
252,novo aripuana,28.950831702544033,-8.0911111,-60.38055554
253,paulistana,29.280673758865248,-8.132288,-41.142945
254,aragarcas,27.804008221993833,-15.90277777,-52.24527777
255,sapezal,23.39734241908007,-13.30388888,-58.76333333
256,alto parnaiba,25.61613913043478,-9.10833333,-45.93194443
259,ilheus,23.322530137176113,-14.65888888,-39.18138888
260,joaquim tavora,22.84575455482984,-23.505266,-49.946387
261,araguacu,26.115026351268536,-12.59222221,-49.5286111
262,rio negrinho,16.408011937557394,-26.2486111,-49.57416666
265,santana do araguaia,25.798876404494383,-9.3386111,-50.35027777
266,barreiras,25.779077253218887,-12.12472221,-45.02694443
267,brazlandia,21.707902097902096,-15.59972221,-48.1311111
268,santa maria madalena,20.89576779633533,-21.95055555,-42.01027777
270,bom jardim da serra morro da igreja,10.715585750171273,-28.126992,-49.47961
272,teresina,27.49703056768559,-5.03472221,-42.80138888
273,rio do campo,17.569242216117214,-26.93749999,-50.14555555
274,silvania,22.002534246575344,-16.67972221,-48.61805554
276,pompeu,23.570247933884296,-19.23249999,-44.96416666
277,dois vizinhos,26.953333333333333,-25.69916666,-53.09527777
278,xanxere,18.58334535834536,-26.938666,-52.39809
279,jeremoabo,25.80093692870201,-10.08083332,-38.34583333
280,silva jardim,22.639333028780264,-22.64583333,-42.41555555
281,sao luis do quitunde,27.36107617051013,-9.28749999,-35.56583333
282,urucui,25.906344827586206,-7.44138888,-44.34499999
283,laranjeiras do sul,21.466987815245112,-25.36888888,-52.39194444
285,feijo,26.2624418003104,-8.14277777,-70.3436111
286,cacador,16.54361739130435,-26.819156,-50.98552
287,itirucu,20.782652944539734,-13.527828,-40.119752
288,foz do iguacu,25.855899802241268,-25.60194444,-54.48305554
289,major vieira,16.76017152658662,-26.3936111,-50.36333333
290,ibotirama,28.54706785385324,-12.19305555,-43.21333333
292,santa teresa,18.028559049269624,-19.988388,-40.579572
293,edeia,25.51895142636854,-17.33694444,-49.91472222
294,campo verde,23.244778502061994,-15.53138888,-55.13555555
295,joacaba,18.789780658025922,-27.16916666,-51.55888888
296,santa rita de cassia,24.703260869565216,-11.00277777,-44.52499999
297,cangucu,15.974016255966973,-31.40333333,-52.70083333
299,campos do jordao,14.523206803056446,-22.75027777,-45.60388888
300,rio de janeiro jacarepagua,22.554755309325945,-22.93999999,-43.40277777
301,sao joaquim,13.566830382638493,-28.27564,-49.934617
302,sao gabriel,18.911814492753624,-30.341438,-54.310909
303,sao romao,25.48416895604396,-16.362747,-45.123801
304,morretes,20.417880884547554,-25.508935,-48.808681
305,teutonia,19.36132017273288,-29.44916666,-51.82333332
306,dracena,23.790420880021863,-21.45777777,-51.55222222
307,cuiaba,27.779187147824004,-15.559295,-56.062951
308,sao sebastiao do paraiso,22.39913043478261,-20.91,-47.11416666
311,tome acu,26.404327040941407,-2.59249999,-48.36055555
312,campos dos goytacazes,23.252368991894052,-21.71472222,-41.34388888
313,diamante do norte,26.896113074204948,-22.63944444,-52.89027777
314,teresopolis parque nacional,17.491621874269686,-22.4486111,-42.98694444
316,sao luiz gonzaga,21.578884377003636,-28.41722221,-54.9625
317,caracol,26.352037574250588,-9.28583333,-43.32444443
318,ribeira do amparo,25.06775320139697,-11.05861111,-38.44416666
320,porto estrela,25.903270440251575,-15.32472221,-57.22583332
321,araxa,21.910432686789854,-19.605696,-46.949617
323,maria da fe,16.322016672376385,-22.314567,-45.373049
324,estreito,27.13816199376947,-6.65333333,-47.41833332
325,iguape,22.789111540318686,-24.67166666,-47.54583333
327,nova alvorada do sul,26.125483241709524,-21.450972,-54.341972
328,quixeramobim,31.740538116591924,-5.17444443,-39.28944444
329,santa fe do araguaia,28.438321536905967,-7.124191,-48.781267
330,macae,23.1335365009004,-22.3761111,-41.81194444
331,parnaiba,27.23601781406569,-3.08666666,-41.78305554
332,nova venecia,25.08190937391906,-18.69527777,-40.39055555
333,barbalha,25.785658914728682,-7.30083333,-39.2711111
334,sao jose do xingu,25.539269866881806,-10.48416666,-52.37249999
335,curitiba,18.193202709240445,-25.4486111,-49.23055554
336,barbacena,18.26111683258954,-21.22833332,-43.76777777
337,alto araguaia,23.050351731601733,-17.33944444,-53.22444443
339,buritis,22.09676977826444,-15.52416666,-46.43555555
340,bage,17.61934673366834,-31.34777777,-54.01333333
341,salgueiro,28.99742921013413,-8.05805555,-39.0961111
342,juina,24.963424622472488,-11.375126,-58.774785
343,medicilandia,24.98782816229117,-3.51083333,-52.96333333
346,cambuci,23.39744783306581,-21.58749999,-41.95833333
347,peixe,27.877842003853562,-12.015377,-48.544517
348,posse,24.434728795049146,-14.08916666,-46.36638888
351,alfredo chaves,23.613584474885844,-20.63638888,-40.74194444
352,itapoa,25.147764227642277,-26.08138888,-48.64166666
353,palmares,24.377565000778453,-8.66666666,-35.56805554
354,itacoatiara,26.801744946924533,-3.13333333,-58.48277777
355,porto murtinho,23.846829640947288,-21.70583333,-57.88666666
356,corrente,26.842958801498128,-10.42916666,-45.17305554
357,ariranha,27.080437009218166,-21.13305554,-48.84055555
358,ipora,24.067829181494663,-16.42305554,-51.14888888
359,urussanga,19.733136910732195,-28.53249999,-49.31527777
360,conde,26.606269877328486,-12.03583333,-37.68388888
361,brasilia,21.223461582372416,-15.78944444,-47.92583332
362,caldas,17.945830477496,-21.918066,-46.382996
365,comodoro,22.781102362204724,-13.70805555,-59.7625
366,marianopolis do to,26.376220293154976,-9.576389,-49.723333
367,tupancireta,18.365290484903934,-29.0893814,-53.82665025
369,sao luis,26.91539780521262,-2.52666666,-44.21361111
370,joao pinheiro,23.3182379349046,-17.784477,-46.119394
372,campo novo dos parecis,24.338044579533943,-13.78583333,-57.8386111
373,formoso do araguaia,26.50980611483967,-11.88749999,-49.60833333
374,alegre,23.319302161654136,-20.75055555,-41.48888888
375,nova andradina,25.610174797808504,-22.0786111,-53.46583333
376,bebedouro,23.4364546936874,-20.94916666,-48.48999999
377,aral moreira,21.85222985633979,-22.955,-55.6261111
378,salvador radio farol ,25.235134443021767,-12.80833333,-38.49583333
379,sorocaba,22.831662000509038,-23.4261111,-47.58555555
380,carlinda,28.25172413793103,-9.97055554,-55.82749999
381,fatima do sul,27.5,-22.30861111,-54.32583332
382,gurupi,26.8804873441632,-11.74583333,-49.04972221
383,maringa,22.9693031798875,-23.40527777,-51.93277777
384,cambara do sul,14.748635689005594,-29.04916666,-50.14972221
385,serrinha,25.384310257705913,-11.66472222,-39.02305554
386,sao gabriel do oeste,25.671212121212122,-19.42027777,-54.55305555
387,una,23.41500944530311,-15.28027777,-39.09138888
388,afonso claudio,21.357605914131362,-20.10416666,-41.10694444
389,sao simao,27.04556720686368,-18.969142,-50.633449
390,cabrobo,27.194887327356433,-8.504,-39.31528
392,curvelo,24.294733257661747,-18.747711,-44.453785
393,itapaci,23.73824637515698,-14.97972221,-49.53999999
394,paracatu,23.67853391185202,-17.24444444,-46.88166666
395,governador valadares,24.18758332244151,-18.830354,-41.977007
396,general carneiro,15.813379073756431,-26.3986111,-51.35361111
397,colinas,25.598993288590606,-6.03305554,-44.23333333
398,campo grande,24.459544356230584,-20.447195,-54.722615
399,chapadao do sul,26.513759213759215,-18.80222222,-52.6025
400,campo bom,19.742662701589843,-29.674293,-51.064042
401,nova friburgo salinas,16.65559456928839,-22.33472221,-42.67694443
402,joao pessoa,27.218703784254025,-7.16527777,-34.81555555
403,porangatu,27.958665338645417,-13.30944444,-49.11749999
404,capitao poco,25.690806754221388,-1.73472221,-47.0575
407,sao luis do paraitinga,23.199598393574295,-23.22833332,-45.41694443
408,rio sono,26.591061151079135,-9.793363,-47.132732
409,duque de caxias xerem,22.539353807512274,-22.58972221,-43.28222221
412,valparaiso,24.34893841487538,-21.31916666,-50.93027777
413,alegrete,19.126485177067714,-29.709083,-55.525486
414,sao paulo mirante,20.08324009590136,-23.496294,-46.620088
416,sao mateus do sul,18.47071807767533,-25.83555555,-50.36888888
417,passo fundo,17.751527634740818,-28.226805,-52.403582
418,santa rosa,19.671772370695386,-27.89055555,-54.47999999
419,castro,20.574264705882353,-24.78694444,-49.99916666
421,coxim,25.011722684155053,-18.51222222,-54.7361111
422,cassilandia,23.684709970596096,-19.12249999,-51.72083332
423,morrinhos,22.957312826465465,-17.745066,-49.101698
424,rio pardo de minas,21.015994962216627,-15.72305554,-42.43583333
425,bonito,24.08275549512803,-21.24666666,-56.45055555
426,ze doca,27.073223673054095,-3.26916666,-45.65111111
427,floresta,26.707213930348257,-8.59888888,-38.58416666
428,piranhas,26.345739040475884,-9.62222221,-37.76722221
430,encruzilhada do sul,18.811120664946976,-30.54305555,-52.52472221
431,santiago,18.736035284300872,-29.191599,-54.885653
432,paragominas,26.85072463768116,-2.99027777,-47.40777777
433,coari,32.176923076923075,-4.09749999,-63.14527777
434,campina da lagoa,24.886405228758168,-24.57083332,-52.80027777
435,gama ponte alta ,21.923872588195,-15.93527777,-48.13749999
436,redencao,26.8319318971508,-8.04333333,-50.00694444
437,alto taquari,22.17814988290398,-17.8411111,-53.28944444
438,sao miguel do araguaia,28.83418213206733,-12.82055554,-50.33583333
439,dionisio cerqueira,19.38275156475686,-26.286562,-53.633114
440,pires do rio,23.178276255707765,-17.30416666,-48.28416666
441,quarai,18.54771151178918,-30.368578,-56.437115
442,ouricuri,26.647576568539996,-7.88583333,-40.10277777
443,varginha,20.05433789954338,-21.56638888,-45.40416666
444,ivinhema,26.227255440523983,-22.30055555,-53.82277777
445,rancharia,21.107140775284176,-22.37277777,-50.97472221
446,bacabal,27.750723589001446,-4.24305555,-44.79499999
447,ituporanga,21.793193971803596,-27.41833332,-49.64694444
448,manacapuru,26.932686532686535,-3.29472221,-60.62833332
449,monte alegre de goias,25.10590331393277,-13.253521,-46.890326
450,serra dos aimores,23.21691895512391,-17.79888888,-40.25
451,boa vista,28.80469483568075,2.81694443,-60.69083333
452,divinopolis,21.755045662100457,-20.17333332,-44.87499999
453,cacoal,26.45980985306828,-11.44583333,-61.43416666
454,mal candido rondon,22.069171043617263,-24.53333333,-54.01916666
455,porto grande,25.742430514488465,0.69416666,-51.40388888
456,barueri,19.52402471113145,-23.52388888,-46.86944443
457,tres lagoas,25.303562050462382,-20.78333333,-51.71222222
458,macapa,26.282716371220022,0.03499999,-51.08888888
459,paranaiba,26.52469135802469,-19.69555555,-51.18166666
460,itajai,13.8,-26.95083333,-48.76194444
461,piripiri,28.40406392694064,-4.276047,-41.794568
462,sao borja,20.038782565748857,-28.65,-56.01638888
463,pres kennedy,23.230034246575343,-21.10083333,-41.03944444
465,itabaianinha,24.710664538595474,-11.2725,-37.795
466,frederico westphalen,19.684819825212497,-27.39555555,-53.42944443
467,pradopolis,22.27912765471569,-21.33833333,-48.11388888
468,goioere,26.08542372881356,-24.15833333,-53.03055554
469,jardim,27.17135774218154,-21.4786111,-56.13777777
470,inacio martins,15.954974123059229,-25.567879,-51.077946
471,sacramento,23.50530524673298,-19.87527777,-47.43416666
472,alvorada do gurgueia,26.99511616075971,-8.44166666,-43.86555555
473,erechim,17.959680123823034,-27.65771,-52.305805
474,nossa senhora da gloria,25.037870110880952,-10.20777777,-37.43194443
475,patos,29.797218628719275,-7.07972221,-37.27277777
479,camaqua,18.510513833992093,-30.807953,-51.83424
480,santa rosa do tocantins,25.91423691973296,-11.42888888,-48.18499999
481,timoteo,21.97353881278539,-19.57388888,-42.62249999
483,remanso,28.180428360413593,-9.62555554,-42.07722221
485,aguas vermelhas,20.91433885289177,-15.751536,-41.457787
486,sao joao del rei,19.628618721461187,-21.106502,-44.250928
487,agua clara,24.508698630136987,-20.44444444,-52.87583332
488,carolina,27.06550165188663,-7.33722221,-47.45972222
489,brumado,24.924105212587076,-14.18194443,-41.67222221
490,salinas,23.30380497685185,-16.16027777,-42.31027777
491,rio de janeiro forte de copacabana,22.973918008450383,-22.98833333,-43.19055555
492,lins,24.934699186991867,-21.66611111,-49.73472221
494,pirapora,24.497457290425107,-17.258064,-44.835556
495,ribas do rio pardo,25.58622334455668,-20.466694,-53.763028
496,lagoa da confusao,25.64793858058276,-10.828286,-49.847882
497,rondonopolis,25.49908091004972,-16.4625,-54.58027777
498,ecoporanga,26.586691250419044,-18.29138888,-40.73638888
499,aimores,23.626198630136987,-19.53277777,-41.09083333
500,cabaceiras,27.223421717171718,-7.48333333,-36.28638888
501,tramandai,19.472938962719038,-30.01027777,-50.13583333
502,parana,25.993454885460494,-12.615,-47.87194443
503,areia,22.788754424021008,-6.975451,-35.718128
504,jose bonifacio,25.73536439665472,-21.08555555,-49.92027777
505,gilbues,27.974132947976877,-9.87527777,-45.34583333
506,bom jesus da lapa,27.162866927592955,-13.25111111,-43.40527777
507,belmonte,24.977011494252874,-16.08805555,-39.21527777
508,colinas do tocantins,25.419855222337127,-8.092708,-48.478605
509,castanhal,26.289340962068234,-1.30083333,-47.94805555
510,guiratinga,25.554226859283037,-16.34166666,-53.76611111
511,jales,27.724912375303315,-20.165,-50.59499999
512,barra do corda,28.33430065359477,-5.50666666,-45.23694444
513,sobral,27.924566691785984,-3.74805555,-40.34583333
514,machado,20.299555503567667,-21.680722,-45.944389
515,guanambi,25.68710177372137,-14.20805555,-42.74972221
516,torres,19.187555381808703,-29.35027777,-49.73333333
518,mantena,23.612899543378994,-18.78062,-40.986505
520,vicosa,19.821178216691404,-20.762607,-42.864013
522,cristalina fazenda santa monica ,21.382198625858837,-16.39944444,-47.62583332
523,apodi,27.846865389164893,-5.62666666,-37.815
524,campina verde,25.51155848132272,-19.53921,-49.518133
525,uruguaiana,19.68891324411629,-29.83987,-57.081899
526,tucuma,25.333035714285714,-6.74333333,-51.14194444
528,miranda,24.649027237354087,-20.39555555,-56.43166666
529,poco verde,24.153958070798488,-10.73805555,-38.10833333
530,ibimirim,25.897471974376575,-8.50944444,-37.71166666
532,luiz eduardo magalhaes,24.478068535825543,-12.1525,-45.82972221
534,luziania,22.437728310502283,-16.26055555,-47.96694443
535,santo antonio do leste,27.767500000000002,-14.92777777,-53.8836111
536,macajuba,27.187963220952913,-12.13166666,-40.35416666
537,irece,23.529276090431605,-11.328998,-41.864504
538,pico do couto,13.739937897382818,-22.46472222,-43.29138888
539,chapada gaucha,22.519477848101268,-15.30027777,-45.61749999
540,monteiro,25.30348955163319,-7.89444444,-37.12472221
541,cruz alta,18.27177772653908,-28.60344,-53.673597
542,iguatemi,22.120010944910614,-23.64444444,-54.57027777
543,guanhaes,20.523173397767806,-18.78694444,-42.94305555
544,avare,26.10076433121019,-23.10166666,-48.9411111
545,campina grande,24.051369863013697,-7.225574,-35.904831
547,parati,22.319906610960924,-23.2236111,-44.72694443
548,serra nova dourada,25.74583904892547,-11.98777777,-51.4261111
550,curaca,27.990694137168145,-9.00138888,-39.9125
551,sao jose dos ausentes,13.435209771640999,-28.7486111,-50.05777777
552,capao do leao pelotas ,18.16070110701107,-31.8025,-52.40722222
553,sidrolandia,22.421670739156994,-20.98166666,-54.97194443
554,crateus,27.929236994219654,-5.18666666,-40.67222221
556,lages,15.45887364921031,-27.80222222,-50.33555555
557,barretos,22.475018422991894,-20.55916666,-48.54499999
560,labrea,26.26995039796978,-7.26055555,-64.7886111
561,paranapoema,26.77857974388824,-22.65833333,-52.13444444
562,iguatu,27.55591699383062,-6.39638888,-39.26888888
563,clevelandia,17.41710752318791,-26.41722221,-52.3486111
564,petrolina,26.92285388127854,-9.388323,-40.523262
565,venda nova do imigrante,19.471773262525975,-20.38555555,-41.18999999
568,registro,25.85358271865121,-24.53305554,-47.86416666
569,itatiaia,10.050156231917601,-22.37388888,-44.70305555
570,arraial do cabo,23.07423221828976,-22.97527777,-42.02138888
571,rio claro,20.519098539726343,-22.653579,-44.040916
576,correntina,25.894828622970536,-13.33249999,-44.61749999
577,ituverava,22.47087143625605,-20.35972222,-47.77527777
578,bauru,21.89456773000462,-22.358052,-49.028877
579,coronel pacheco,23.161083506972272,-21.54666666,-43.26111111
580,carira,26.45748871563398,-10.39972221,-37.74749999
582,gaucha do norte,29.00125,-13.18472221,-53.2575
583,campos lindos,28.66122448979592,-8.15472222,-46.63944444
584,barra,27.322538375140397,-11.08472221,-43.13888888
585,salvador,25.592511415525113,-13.005515,-38.50576
586,indaial,21.29008739650414,-26.91361111,-49.26805554
587,angelica,23.85817843866171,-22.148083,-53.763736
